<?xml version="1.0" encoding="UTF-8"?>
<assembly>

    <id>distribution</id>

    <formats>
        <format>dir</format>
        <format>tar.gz</format>
        <format>zip</format>
    </formats>

    <fileSets>
        <!--
         | copy benchmarks scripts
        -->
        <fileSet>
            <directory>${project.build.directory}/orientdb-community-${project.version}</directory>
            <outputDirectory></outputDirectory>
            <excludes>
                <exclude>config/orientdb-server-config.xml</exclude>
            </excludes>
        </fileSet>


        <fileSet>
            <directory>${basedir}/src/main/bin</directory>
            <outputDirectory>bin</outputDirectory>
            <includes>
                <include>*.bat</include>
            </includes>
            <fileMode>644</fileMode>
            <filtered>true</filtered>
        </fileSet>

        <fileSet>
            <directory>${basedir}/src/main/ext</directory>
            <outputDirectory>ext</outputDirectory>
        </fileSet>

        <fileSet>
            <directory>${basedir}/src/main/bin</directory>
            <outputDirectory>bin</outputDirectory>
            <includes>
                <include>*.bat</include>
            </includes>
            <fileMode>644</fileMode>
            <filtered>true</filtered>
        </fileSet>
        <fileSet>
            <directory>${basedir}/src/main/bin</directory>
            <outputDirectory>bin</outputDirectory>
            <includes>
                <include>*.sh</include>
            </includes>
            <fileMode>755</fileMode>
            <filtered>true</filtered>
        </fileSet>
        <fileSet>
            <directory>${basedir}/config</directory>
            <outputDirectory>config</outputDirectory>
            <includes>
                <include>*.xml</include>
                <include>*.json</include>
                <include>*.yaml</include>
                <include>*.groovy</include>
                <include>*.properties</include>
            </includes>
            <filtered>true</filtered>
        </fileSet>

    </fileSets>
    <!--
     | all artifacts in a /lib dir
    -->
    <dependencySets>
        <dependencySet>
            <outputDirectory>lib</outputDirectory>
            <includes>
                <include>*:jar:*</include>
            </includes>
        </dependencySet>

    </dependencySets>

</assembly>